Node Number,Thread Number,Spatial Distribution,Temporal Distribution,T/R,Network Response Time,Channel Utilization,Processor Utilization 
1,4,4,1,0.1,700.514102,0.352431,0.839546
1,4,4,1,0.2,864.599227,0.506302,0.827412
1,4,4,1,0.3,839.372851,0.638516,0.802605
1,4,4,1,0.4,1256.053108,0.767051,0.723403
1,4,4,1,0.5,1343.875577,0.807812,0.72121
1,4,4,1,0.6,1574.366301,0.841771,0.647035
1,4,4,1,0.7,1974.853192,0.85033,0.567402
1,4,4,1,0.8,1845.521914,0.865625,0.511627
1,4,4,1,0.9,2605.196106,0.888828,0.47056
1,4,4,1,1,2586.130982,0.882552,0.421877
1,6,4,1,0.1,866.002265,0.370026,0.901173
1,6,4,1,0.2,1188.628365,0.53691,0.897863
1,6,4,1,0.3,1351.075304,0.65737,0.871957
1,6,4,1,0.4,1413.081946,0.772778,0.853846
1,6,4,1,0.5,1804.085211,0.852561,0.796428
1,6,4,1,0.6,2114.035099,0.910729,0.731779
1,6,4,1,0.7,2275.428465,0.916259,0.640211
1,6,4,1,0.8,3297.253072,0.924583,0.568923
1,6,4,1,0.9,2923.876773,0.931484,0.514046
1,6,4,1,1,3808.98919,0.931076,0.463145
1,8,4,1,0.1,1141.277162,0.346441,0.923706
1,8,4,1,0.2,1192.856244,0.518889,0.922138
1,8,4,1,0.3,1456.320301,0.683047,0.928869
1,8,4,1,0.4,1949.797805,0.809028,0.911611
1,8,4,1,0.5,2531.21942,0.888976,0.850776
1,8,4,1,0.6,2677.461345,0.933802,0.768916
1,8,4,1,0.7,3430.493664,0.940807,0.673281
1,8,4,1,0.8,3378.167663,0.951667,0.601595
1,8,4,1,0.9,4793.187737,0.955781,0.538158
1,8,4,1,1,5033.174441,0.960156,0.488247
1,10,4,1,0.1,1212.364504,0.359453,0.961658
1,10,4,1,0.2,1818.518585,0.52724,0.950974
1,10,4,1,0.3,1860.231397,0.677891,0.938148
1,10,4,1,0.4,1910.845894,0.817049,0.934972
1,10,4,1,0.5,2968.873768,0.883964,0.911155
1,10,4,1,0.6,3327.975791,0.794956,0.954375
1,10,4,1,0.7,4402.212045,0.697823,0.960799
1,10,4,1,0.8,4042.570405,0.972709,0.626211
1,10,4,1,0.9,5117.790831,0.972031,0.557324
1,10,4,1,1,6065.736672,0.973524,0.504446
1,4,2,1,0.1,1327.334659,0.297951,0.549508
1,4,2,1,0.2,1501.504698,0.357118,0.509507
1,4,2,1,0.3,1517.024022,0.479036,0.531845
1,4,2,1,0.4,1455.789406,0.543299,0.519655
1,4,2,1,0.5,1881.893315,0.636632,0.515341
1,4,2,1,0.6,2090.345171,0.649635,0.452565
1,4,2,1,0.7,2511.787943,0.633707,0.381618
1,4,2,1,0.8,3071.20543,0.672917,0.355369
1,4,2,1,0.9,3621.956835,0.681484,0.32818
1,4,2,1,1,3681.474413,0.655035,0.282082
1,6,2,1,0.1,1708.165016,0.310929,0.572224
1,6,2,1,0.2,2103.200338,0.393715,0.557274
1,6,2,1,0.3,1875.405626,0.500182,0.585218
1,6,2,1,0.4,2280.018142,0.620903,0.591425
1,6,2,1,0.5,2637.788002,0.678125,0.557459
1,6,2,1,0.6,2629.292325,0.721146,0.517327
1,6,2,1,0.7,3158.973789,0.728741,0.458381
1,6,2,1,0.8,3844.868921,0.728264,0.401393
1,6,2,1,0.9,4843.121879,0.725547,0.365252
1,6,2,1,1,5131.942593,0.738628,0.338053
1,8,2,1,0.1,2119.201174,0.265434,0.567314
1,8,2,1,0.2,2342.016821,0.407031,0.601986
1,8,2,1,0.3,2655.360904,0.548307,0.649676
1,8,2,1,0.4,2517.612877,0.638264,0.627225
1,8,2,1,0.5,2658.641154,0.71276,0.609125
1,8,2,1,0.6,3926.536213,0.757448,0.564138
1,8,2,1,0.7,4291.11536,0.75645,0.49258
1,8,2,1,0.8,4418.932026,0.76625,0.440587
1,8,2,1,0.9,4776.873467,0.785234,0.409357
1,8,2,1,1,4901.47212,0.784288,0.375879
1,10,2,1,0.1,2383.059193,0.308611,0.63489
1,10,2,1,0.2,2440.137766,0.40151,0.625327
1,10,2,1,0.3,3084.570291,0.559245,0.654058
1,10,2,1,0.4,3079.737616,0.664514,0.66297
1,10,2,1,0.5,3821.53383,0.742057,0.645673
1,10,2,1,0.6,3767.82198,0.776667,0.591505
1,10,2,1,0.7,4885.31403,0.774557,0.521848
1,10,2,1,0.8,4445.629398,0.820486,0.490651
1,10,2,1,0.9,5406.725208,0.846172,0.452518
1,10,2,1,1,5578.782966,0.849566,0.41892
1,4,1,1,0.1,421.877284,0.2023,0.905039
1,4,1,1,0.2,470.197916,0.384201,0.900025
1,4,1,1,0.3,525.910576,0.549167,0.883719
1,4,1,1,0.4,608.76642,0.693715,0.853155
1,4,1,1,0.5,742.125137,0.816536,0.81232
1,4,1,1,0.6,826.143227,0.895417,0.749235
1,4,1,1,0.7,961.642973,0.936189,0.675295
1,4,1,1,0.8,1201.631933,0.956806,0.605546
1,4,1,1,0.9,1230.205126,0.967266,0.543298
1,4,1,1,1,1493.745104,0.971528,0.491761
1,6,1,1,0.1,614.630123,0.209783,0.9375
1,6,1,1,0.2,705.468587,0.400017,0.935522
1,6,1,1,0.3,698.256515,0.573151,0.922333
1,6,1,1,0.4,836.310509,0.739653,0.915624
1,6,1,1,0.5,1072.239243,0.875431,0.870269
1,6,1,1,0.6,1196.322911,0.944792,0.796469
1,6,1,1,0.7,1469.079664,0.96645,0.703475
1,6,1,1,0.8,1717.654857,0.974028,0.622974
1,6,1,1,0.9,1995.584056,0.975781,0.554223
1,6,1,1,1,2231.332104,0.976563,0.500716
1,8,1,1,0.1,770.69059,0.212621,0.948599
1,8,1,1,0.2,912.798464,0.405694,0.947834
1,8,1,1,0.3,976.231023,0.583672,0.937209
1,8,1,1,0.4,1072.740772,0.753958,0.9347
1,8,1,1,0.5,1316.231632,0.898741,0.908685
1,8,1,1,0.6,1768.407896,0.817017,0.96125
1,8,1,1,0.7,1945.345426,0.714026,0.973316
1,8,1,1,0.8,2341.989053,0.631147,0.977292
1,8,1,1,0.9,2665.358418,0.561694,0.97836
1,8,1,1,1,2976.70983,0.507582,0.978299
1,10,1,1,0.1,1073.734018,0.21375,0.95829
1,10,1,1,0.2,1076.528275,0.404392,0.944783
1,10,1,1,0.3,1124.130178,0.588906,0.947848
1,10,1,1,0.4,1243.009661,0.761146,0.942199
1,10,1,1,0.5,1663.612858,0.915278,0.928141
1,10,1,1,0.6,2074.953492,0.967448,0.828573
1,10,1,1,0.7,2591.180139,0.975929,0.720587
1,10,1,1,0.8,2931.702541,0.978125,0.636664
1,10,1,1,0.9,3325.676426,0.979688,0.567883
1,10,1,1,1,3710.484756,0.979774,0.513848
1,4,3,1,0.1,0.52921,607.869882,0.828573
1,4,3,1,0.2,0.633802,902.966929,0.824084
1,4,3,1,0.3,0.718047,1042.409722,0.795685
1,4,3,1,0.4,0.778299,1219.612435,0.739597
1,4,3,1,0.5,0.822266,1202.936709,0.695053
1,4,3,1,0.6,0.846927,1688.953232,0.62477
1,4,3,1,0.7,0.84079,1904.053095,0.541929
1,4,3,1,0.8,0.857222,2191.738331,0.487871
1,4,3,1,0.9,0.86,2752.001151,0.43976
1,4,3,1,1,0.865191,2895.323131,0.400416
1,6,3,1,0.1,991.654608,0.469149,0.927886
1,6,3,1,0.2,1179.806258,0.594844,0.914674
1,6,3,1,0.3,1270.946206,0.713385,0.897633
1,6,3,1,0.4,1463.837946,0.8075,0.867957
1,6,3,1,0.5,1548.167651,0.869141,0.80322
1,6,3,1,0.6,2433.831986,0.901146,0.715007
1,6,3,1,0.7,2761.361123,0.92033,0.637811
1,6,3,1,0.8,2950.973036,0.921806,0.561209
1,6,3,1,0.9,3475.612812,0.923828,0.503471
1,6,3,1,1,3914.442104,0.933333,0.460363
1,8,3,1,0.1,1172.376429,0.407578,0.94723
1,8,3,1,0.2,1191.328365,0.558073,0.936275
1,8,3,1,0.3,1408.075927,0.701823,0.938896
1,8,3,1,0.4,1544.60147,0.82066,0.916288
1,8,3,1,0.5,2257.446611,0.901259,0.863297
1,8,3,1,0.6,2694.984699,0.938385,0.771295
1,8,3,1,0.7,3618.974981,0.952474,0.680886
1,8,3,1,0.8,3980.472255,0.95875,0.606569
1,8,3,1,0.9,4515.318353,0.956406,0.538424
1,8,3,1,1,4284.404858,0.964583,0.492775
1,10,3,1,0.1,1317.539043,0.385946,0.956543
1,10,3,1,0.2,1602.749624,0.549549,0.964797
1,10,3,1,0.3,1632.929179,0.700755,0.958799
1,10,3,1,0.4,2470.414099,0.945997,0.833681
1,10,3,1,0.5,2488.393811,0.924262,0.90626
1,10,3,1,0.6,3466.244423,0.954688,0.799148
1,10,3,1,0.7,3810.631711,0.967908,0.705812
1,10,3,1,0.8,4583.919059,0.975486,0.628214
1,10,3,1,0.9,4622.484513,0.978594,0.561943
1,10,3,1,1,5919.152636,0.980382,0.509802
1,4,4,0,0.1,138.918151,0.438524,0.816425
1,4,4,0,0.2,221.239958,0.56026,0.802371
1,4,4,0,0.3,343.33257,0.670156,0.77942
1,4,4,0,0.4,365.704783,0.732153,0.731806
1,4,4,0,0.5,564.244978,0.794358,0.681066
1,4,4,0,0.6,746.187279,0.837708,0.624804
1,4,4,0,0.7,834.650499,0.854826,0.560888
1,4,4,0,0.8,1027.134803,0.837014,0.484743
1,4,4,0,0.9,1160.935215,0.864141,0.448374
1,4,4,0,1,1183.696475,0.858073,0.404992
1,6,4,0,0.1,136.31725,0.392665,0.849913
1,6,4,0,0.2,207.247489,0.570139,0.874955
1,6,4,0,0.3,337.491171,0.663828,0.850958
1,6,4,0,0.4,571.173224,0.843573,0.791423
1,6,4,0,0.5,778.427756,0.863238,0.786026
1,6,4,0,0.6,1001.625231,0.894688,0.710901
1,6,4,0,0.7,1288.482455,0.888915,0.611163
1,6,4,0,0.8,1391.636666,0.890695,0.539734
1,6,4,0,0.9,1614.588983,0.905625,0.491085
1,6,4,0,1,1778.766636,0.90599,0.443039
1,8,4,0,0.1,150.551879,0.408776,0.896803
1,8,4,0,0.2,298.356074,0.552934,0.89971
1,8,4,0,0.3,417.879955,0.676302,0.888416
1,8,4,0,0.4,662.942924,0.799896,0.887363
1,8,4,0,0.5,928.672341,0.882118,0.83289
1,8,4,0,0.6,1280.691436,0.914948,0.744839
1,8,4,0,0.7,1418.79659,0.934853,0.663184
1,8,4,0,0.8,1819.996806,0.933472,0.584847
1,8,4,0,0.9,2326.923643,0.933203,0.519696
1,8,4,0,1,2386.83458,0.936372,0.47054
1,10,4,0,0.1,154.900342,0.402378,0.914353
1,10,4,0,0.2,263.461036,0.54651,0.910044
1,10,4,0,0.3,461.111618,0.678776,0.915063
1,10,4,0,0.4,855.129063,0.905039,0.805937
1,10,4,0,0.5,1121.475113,0.909071,0.8794
1,10,4,0,0.6,1589.911663,0.938854,0.776228
1,10,4,0,0.7,1754.958119,0.947917,0.682158
1,10,4,0,0.8,2352.552511,0.950903,0.604104
1,10,4,0,0.9,2547.77951,0.950547,0.539017
1,10,4,0,1,3207.772882,0.952865,0.489624
1,4,2,0,0.1,162.560751,0.325694,0.418621
1,4,2,0,0.2,253.825208,0.371337,0.414236
1,4,2,0,0.3,489.94064,0.428255,0.393893
1,4,2,0,0.4,742.056173,0.495729,0.380225
1,4,2,0,0.5,1040.479968,0.489323,0.341765
1,4,2,0,0.6,1264.44738,0.560521,0.318841
1,4,2,0,0.7,1752.237646,0.506832,0.268535
1,4,2,0,0.8,1975.005819,0.524236,0.242966
1,4,2,0,0.9,2368.824948,0.522734,0.221539
1,4,2,0,1,2066.717469,0.509462,0.202377
1,6,2,0,0.1,224.450947,0.335625,0.452819
1,6,2,0,0.2,383.315579,0.400469,0.416491
1,6,2,0,0.3,638.387938,0.426172,0.40539
1,6,2,0,0.4,897.947716,0.516215,0.398521
1,6,2,0,0.5,1466.091771,0.589583,0.397512
1,6,2,0,0.6,1973.63609,0.584635,0.347587
1,6,2,0,0.7,2272.76014,0.603385,0.324751
1,6,2,0,0.8,2652.015506,0.559028,0.268258
1,6,2,0,0.9,3195.861695,0.571719,0.254752
1,6,2,0,1,2541.630367,0.545833,0.230011
1,8,2,0,0.1,163.801348,0.393082,0.526524
1,8,2,0,0.2,347.974872,0.416753,0.473054
1,8,2,0,0.3,571.060156,0.517943,0.447295
1,8,2,0,0.4,921.813348,0.526667,0.439256
1,8,2,0,0.5,1409.149715,0.617231,0.445936
1,8,2,0,0.6,2162.578816,0.578646,0.371522
1,8,2,0,0.7,2620.790918,0.567231,0.332085
1,8,2,0,0.8,2574.649117,0.564792,0.290999
1,8,2,0,0.9,3392.124868,0.604687,0.282314
1,8,2,0,1,3030.629787,0.611024,0.255619
1,10,2,0,0.1,158.319629,0.382066,0.503035
1,10,2,0,0.2,314.127942,0.435399,0.482426
1,10,2,0,0.3,509.908916,0.49987,0.479445
1,10,2,0,0.4,785.114697,0.577292,0.484361
1,10,2,0,0.5,1418.223088,0.557726,0.426271
1,10,2,0,0.6,1783.194698,0.631094,0.406267
1,10,2,0,0.7,2152.341855,0.631884,0.365252
1,10,2,0,0.8,2949.189101,0.683056,0.338151
1,10,2,0,0.9,3349.417336,0.640625,0.305455
1,10,2,0,1,3407.799491,0.636458,0.286714
1,4,1,0,0.1,26.502746,0.137726,0.590286
1,4,1,0,0.2,54.064068,0.252205,0.570239
1,4,1,0,0.3,89.413975,0.347969,0.54004
1,4,1,0,0.4,161.584607,0.439653,0.530152
1,4,1,0,0.5,346.177863,0.522092,0.517356
1,4,1,0,0.6,587.624428,0.555313,0.464993
1,4,1,0,0.7,688.446953,0.570269,0.412242
1,4,1,0,0.8,956.721115,0.57632,0.365082
1,4,1,0,0.9,789.555446,0.5825,0.330783
1,4,1,0,1,1230.215474,0.587587,0.300045
1,6,1,0,0.1,21.445301,0.151797,0.648118
1,6,1,0,0.2,63.349039,0.274809,0.623425
1,6,1,0,0.3,125.447427,0.375703,0.590987
1,6,1,0,0.4,307.187608,0.445208,0.537327
1,6,1,0,0.5,572.849075,0.563368,0.560995
1,6,1,0,0.6,832.185981,0.572552,0.485852
1,6,1,0,0.7,861.210192,0.584792,0.427971
1,6,1,0,0.8,1276.382477,0.591875,0.381173
1,6,1,0,0.9,1607.041811,0.602969,0.346758
1,6,1,0,1,1756.065814,0.611111,0.318419
1,8,1,0,0.1,23.996447,0.164679,0.706503
1,8,1,0,0.2,57.535982,0.287014,0.652849
1,8,1,0,0.3,136.146416,0.385208,0.604986
1,8,1,0,0.4,363.675685,0.47691,0.578066
1,8,1,0,0.5,639.629146,0.566536,0.567715
1,8,1,0,0.6,911.954125,0.585833,0.501516
1,8,1,0,0.7,1519.366224,0.604358,0.446351
1,8,1,0,0.8,1694.42824,0.612639,0.398993
1,8,1,0,0.9,2037.679313,0.612188,0.356831
1,8,1,0,1,1525.505283,0.622222,0.329844
1,10,1,0,0.1,28.755788,0.170156,0.727582
1,10,1,0,0.2,58.842202,0.299306,0.6822
1,10,1,0,0.3,134.41607,0.39862,0.625697
1,10,1,0,0.4,405.903473,0.502083,0.61155
1,10,1,0,0.5,943.784262,0.571736,0.574306
1,10,1,0,0.6,1459.009166,0.595417,0.51484
1,10,1,0,0.7,1425.640396,0.606241,0.452304
1,10,1,0,0.8,2160.995515,0.621597,0.410658
1,10,1,0,0.9,1831.873466,0.629453,0.372704
1,10,1,0,1,2296.19935,0.647483,0.346742
1,4,3,0,0.1,145.151796,0.444939,0.787703
1,4,3,0,0.2,206.818555,0.542031,0.77177
1,4,3,0,0.3,324.83453,0.667812,0.75457
1,4,3,0,0.4,384.912161,0.732431,0.720497
1,4,3,0,0.5,538.891334,0.803776,0.673265
1,4,3,0,0.6,677.867406,0.827969,0.600602
1,4,3,0,0.7,834.448158,0.824323,0.521786
1,4,3,0,0.8,972.773241,0.854861,0.476747
1,4,3,0,0.9,915.343493,0.859922,0.431657
1,4,3,0,1,1050.177944,0.872309,0.397266
1,6,3,0,0.1,162.362566,0.421649,0.877179
1,6,3,0,0.2,237.913709,0.533646,0.851833
1,6,3,0,0.3,420.847188,0.686354,0.877377
1,6,3,0,0.4,489.414091,0.780104,0.835567
1,6,3,0,0.5,707.337345,0.853733,0.781463
1,6,3,0,0.6,877.694794,0.902344,0.715298
1,6,3,0,0.7,939.017256,0.912431,0.63048
1,6,3,0,0.8,1273.250027,0.926181,0.566405
1,6,3,0,0.9,1571.410199,0.929844,0.50749
1,6,3,0,1,1494.136836,0.935243,0.462423
1,8,3,0,0.1,188.94189,0.392778,0.915108
1,8,3,0,0.2,265.838034,0.55316,0.918623
1,8,3,0,0.3,460.266911,0.678542,0.898435
1,8,3,0,0.4,542.198431,0.816181,0.90209
1,8,3,0,0.5,854.724177,0.899957,0.859304
1,8,3,0,0.6,1288.185116,0.935104,0.767585
1,8,3,0,0.7,1234.085264,0.939957,0.671155
1,8,3,0,0.8,1769.297096,0.953681,0.601854
1,8,3,0,0.9,2006.590809,0.957344,0.539759
1,8,3,0,1,1974.496396,0.95651,0.486748
1,10,3,0,0.1,164.755251,0.394523,0.930484
1,10,3,0,0.2,277.98685,0.550712,0.942199
1,10,3,0,0.3,532.570733,0.695234,0.941612
1,10,3,0,0.4,662.714307,0.822292,0.927346
1,10,3,0,0.5,937.078417,0.915582,0.888311
1,10,3,0,0.6,1368.201165,0.955,0.797411
1,10,3,0,0.7,1779.316082,0.969549,0.706503
1,10,3,0,0.8,2193.119031,0.973681,0.627709
1,10,3,0,0.9,2686.459284,0.974687,0.560011
1,10,3,0,1,2766.021133,0.978386,0.50823
0,4,4,1,0.1,547.570481,0.607049,0.837166
0,4,4,1,0.2,571.093509,0.684306,0.799354
0,4,4,1,0.3,693.270291,0.779792,0.852871
0,4,4,1,0.4,832.28476,0.795,0.763965
0,4,4,1,0.5,1194.286232,0.827951,0.729444
0,4,4,1,0.6,1261.044228,0.857292,0.625584
0,4,4,1,0.7,1657.765373,0.878403,0.560313
0,4,4,1,0.8,1827.375029,0.899167,0.531492
0,4,4,1,0.9,1999.516709,0.909375,0.476232
0,4,4,1,1,1698.50628,0.876389,0.423975
0,6,4,1,0.1,652.441763,0.515521,0.914756
0,6,4,1,0.2,1003.826707,0.664167,0.91516
0,6,4,1,0.3,811.330775,0.762292,0.904898
0,6,4,1,0.4,1177.194924,0.829028,0.861362
0,6,4,1,0.5,1003.120135,0.867535,0.792027
0,6,4,1,0.6,1718.83999,0.892083,0.705315
0,6,4,1,0.7,2071.088303,0.918021,0.637113
0,6,4,1,0.8,2622.311601,0.920833,0.565409
0,6,4,1,0.9,2646.366771,0.90375,0.505995
0,6,4,1,1,3239.210381,0.901736,0.455567
0,8,4,1,0.1,936.18684,0.484097,0.90698
0,8,4,1,0.2,1092.624144,0.631389,0.919247
0,8,4,1,0.3,1317.559372,0.741562,0.923054
0,8,4,1,0.4,858.284943,0.834861,0.907902
0,8,4,1,0.5,1832.015352,0.90191,0.845062
0,8,4,1,0.6,2248.767269,0.907083,0.733655
0,8,4,1,0.7,2360.612364,0.927986,0.661952
0,8,4,1,0.8,3390.422991,0.932778,0.586487
0,8,4,1,0.9,4020.823301,0.945937,0.541788
0,8,4,1,1,4475.082423,0.945486,0.490409
0,10,4,1,0.1,870.068191,0.479271,0.955848
0,10,4,1,0.2,1582.542014,0.601667,0.935056
0,10,4,1,0.3,1680.9416,0.724479,0.932695
0,10,4,1,0.4,1727.842054,0.828333,0.915236
0,10,4,1,0.5,1396.347726,0.923437,0.882814
0,10,4,1,0.6,2956.160892,0.937083,0.771937
0,10,4,1,0.7,3774.548086,0.955694,0.687306
0,10,4,1,0.8,3667.614018,0.959167,0.617007
0,10,4,1,0.9,4910.532583,0.955625,0.551504
0,10,4,1,1,4559.7941,0.954514,0.503592
0,4,2,1,0.1,625.949413,0.458889,0.622777
0,4,2,1,0.2,695.613489,0.653055,0.714232
0,4,2,1,0.3,868.535961,0.602188,0.563058
0,4,2,1,0.4,953.962094,0.7125,0.61408
0,4,2,1,0.5,928.606772,0.728646,0.58883
0,4,2,1,0.6,224.875168,0.797917,0.531492
0,4,2,1,0.7,1737.167893,0.795035,0.475336
0,4,2,1,0.8,2154.044741,0.798333,0.413104
0,4,2,1,0.9,2543.927978,0.770938,0.361952
0,4,2,1,1,2655.729283,0.735069,0.335961
0,6,2,1,0.1,952.678288,0.503472,0.793967
0,6,2,1,0.2,1027.855103,0.575347,0.779392
0,6,2,1,0.3,1096.862164,0.758229,0.771373
0,6,2,1,0.4,1295.636006,0.771528,0.737937
0,6,2,1,0.5,1653.366,0.800521,0.649532
0,6,2,1,0.6,1992.715915,0.786875,0.580466
0,6,2,1,0.7,2644.567425,0.867951,0.546245
0,6,2,1,0.8,2587.353042,0.835833,0.493581
0,6,2,1,0.9,3509.19345,0.806562,0.427316
0,6,2,1,1,3916.523672,0.830556,0.407034
0,8,2,1,0.1,904.356536,0.46625,0.788644
0,8,2,1,0.2,1319.209855,0.626042,0.8471
0,8,2,1,0.3,1445.395821,0.669583,0.796617
0,8,2,1,0.4,1403.904639,0.792361,0.787135
0,8,2,1,0.5,1815.336111,0.826563,0.752581
0,8,2,1,0.6,2731.8835,0.895833,0.686232
0,8,2,1,0.7,3389.835282,0.818854,0.556637
0,8,2,1,0.8,2778.215451,0.872222,0.533445
0,8,2,1,0.9,4555.877628,0.867813,0.470176
0,8,2,1,1,3816.021591,0.862847,0.436457
0,10,2,1,0.1,1440.760876,0.495833,0.849374
0,10,2,1,0.2,1783.877387,0.591667,0.853076
0,10,2,1,0.3,1738.892586,0.696979,0.85156
0,10,2,1,0.4,2299.360993,0.7575,0.805596
0,10,2,1,0.5,2401.750804,0.859722,0.79196
0,10,2,1,0.6,1925.507111,0.815833,0.638244
0,10,2,1,0.7,3768.54491,0.892743,0.622735
0,10,2,1,0.8,3922.378045,0.890556,0.553766
0,10,2,1,0.9,5365.009141,0.87875,0.489242
0,10,2,1,1,4530.380751,0.921875,0.477834
0,4,1,1,0.1,250.716906,0.238472,0.88365
0,4,1,1,0.2,488.081072,0.405417,0.860418
0,4,1,1,0.3,307.441712,0.556979,0.843287
0,4,1,1,0.4,587.814337,0.701389,0.832914
0,4,1,1,0.5,495.701487,0.801562,0.7821
0,4,1,1,0.6,545.004812,0.863125,0.714232
0,4,1,1,0.7,775.542157,0.900278,0.647217
0,4,1,1,0.8,754.715206,0.913611,0.581954
0,4,1,1,0.9,1159.859915,0.922188,0.527778
0,4,1,1,1,1484.799775,0.929167,0.480408
0,6,1,1,0.1,399.020319,0.244687,0.908802
0,6,1,1,0.2,490.268575,0.424653,0.90698
0,6,1,1,0.3,503.392515,0.587396,0.896247
0,6,1,1,0.4,583.281742,0.739306,0.880803
0,6,1,1,0.5,990.952492,0.854861,0.843151
0,6,1,1,0.6,812.773944,0.900833,0.755583
0,6,1,1,0.7,976.441463,0.922882,0.671474
0,6,1,1,0.8,1535.476028,0.931389,0.600924
0,6,1,1,0.9,2112.035842,0.935625,0.539897
0,6,1,1,1,2353.144075,0.936458,0.490711
0,8,1,1,0.1,731.390336,0.241944,0.908662
0,8,1,1,0.2,639.486244,0.430347,0.916754
0,8,1,1,0.3,754.063759,0.599896,0.914468
0,8,1,1,0.4,582.75072,0.770833,0.923701
0,8,1,1,0.5,1279.921264,0.874132,0.86701
0,8,1,1,0.6,1086.897059,0.922083,0.781098
0,8,1,1,0.7,1298.358239,0.932361,0.684499
0,8,1,1,0.8,2054.4057,0.935833,0.610051
0,8,1,1,0.9,2671.651809,0.939687,0.548603
0,8,1,1,1,2101.883654,0.940625,0.498233
0,10,1,1,0.1,905.729476,0.246562,0.940461
0,10,1,1,0.2,665.273676,0.422361,0.902923
0,10,1,1,0.3,767.296404,0.601042,0.908622
0,10,1,1,0.4,1343.881897,0.755694,0.902704
0,10,1,1,0.5,1210.30457,0.888194,0.888585
0,10,1,1,0.6,1927.057396,0.927708,0.789
0,10,1,1,0.7,1766.06318,0.939653,0.694901
0,10,1,1,0.8,2053.676488,0.943056,0.618812
0,10,1,1,0.9,3501.850233,0.94375,0.555489
0,10,1,1,1,2146.969058,0.944097,0.505846
0,4,3,1,0.1,367.493895,0.64684,0.86733
0,4,3,1,0.2,626.860874,0.702569,0.840152
0,4,3,1,0.3,713.864201,0.768854,0.824914
0,4,3,1,0.4,796.514082,0.785833,0.75785
0,4,3,1,0.5,982.481297,0.832118,0.714316
0,4,3,1,0.6,1135.886412,0.844583,0.632461
0,4,3,1,0.7,1418.882864,0.839028,0.551504
0,4,3,1,0.8,1501.070594,0.860556,0.49651
0,4,3,1,0.9,1577.887682,0.860937,0.452939
0,4,3,1,1,2065.619811,0.865972,0.420933
0,6,3,1,0.1,702.425075,0.588333,0.936473
0,6,3,1,0.2,802.773783,0.662917,0.900764
0,6,3,1,0.3,789.924743,0.76625,0.90722
0,6,3,1,0.4,1036.468694,0.83375,0.862785
0,6,3,1,0.5,1389.333044,0.895833,0.807842
0,6,3,1,0.6,1570.51253,0.895417,0.701786
0,6,3,1,0.7,2252.575091,0.929931,0.639351
0,6,3,1,0.8,2400.1869,0.931944,0.573968
0,6,3,1,0.9,2904.991727,0.918437,0.511543
0,6,3,1,1,2394.23185,0.929167,0.47255
0,8,3,1,0.1,949.857036,0.498715,0.9513
0,8,3,1,0.2,1170.297092,0.639167,0.936808
0,8,3,1,0.3,760.049126,0.720729,0.931204
0,8,3,1,0.4,1314.509873,0.859583,0.937835
0,8,3,1,0.5,1676.812651,0.919097,0.864236
0,8,3,1,0.6,2381.463659,0.944792,0.780074
0,8,3,1,0.7,2149.237046,0.965174,0.687981
0,8,3,1,0.8,2470.214123,0.9625,0.61379
0,8,3,1,0.9,3485.25522,0.96375,0.549407
0,8,3,1,1,4123.286673,0.961111,0.50007
0,10,3,1,0.1,968.314249,0.46934,0.974802
0,10,3,1,0.2,1142.913841,0.638125,0.980224
0,10,3,1,0.3,1483.32136,0.748021,0.971452
0,10,3,1,0.4,1635.900805,0.86,0.948199
0,10,3,1,0.5,2016.290249,0.944792,0.909553
0,10,3,1,0.6,2373.16626,0.968958,0.806512
0,10,3,1,0.7,1934.740695,0.964201,0.703002
0,10,3,1,0.8,2980.861045,0.982778,0.635748
0,10,3,1,0.9,3372.189353,0.990312,0.574563
0,10,3,1,1,5015.644768,0.965972,0.510356
0,4,4,0,0.1,97.039249,0.669375,0.805631
0,4,4,0,0.2,189.728209,0.63875,0.711402
0,4,4,0,0.3,278.035569,0.779375,0.764771
0,4,4,0,0.4,313.655513,0.784306,0.714662
0,4,4,0,0.5,478.87206,0.838368,0.702304
0,4,4,0,0.6,527.958591,0.853958,0.625735
0,4,4,0,0.7,799.296875,0.910729,0.567802
0,4,4,0,0.8,962.201487,0.869167,0.495292
0,4,4,0,0.9,1060.153725,0.9,0.470201
0,4,4,0,1,1212.852502,0.853819,0.416087
0,6,4,0,0.1,135.013123,0.617708,0.898346
0,6,4,0,0.2,217.297108,0.639236,0.834869
0,6,4,0,0.3,309.237367,0.786042,0.884136
0,6,4,0,0.4,84.688896,0.806806,0.81023
0,6,4,0,0.5,619.696092,0.851389,0.762009
0,6,4,0,0.6,707.930583,0.89375,0.690723
0,6,4,0,0.7,1193.248324,0.889097,0.599696
0,6,4,0,0.8,1271.03947,0.831111,0.506488
0,6,4,0,0.9,1189.9045,0.890938,0.491041
0,6,4,0,1,1811.012822,0.916667,0.456873
0,8,4,0,0.1,125.438472,0.559549,0.895793
0,8,4,0,0.2,218.046743,0.667986,0.917185
0,8,4,0,0.3,258.929993,0.753542,0.896828
0,8,4,0,0.4,513.782316,0.837778,0.862535
0,8,4,0,0.5,738.685759,0.873785,0.803943
0,8,4,0,0.6,1144.697168,0.916042,0.739532
0,8,4,0,0.7,1549.619758,0.921424,0.638247
0,8,4,0,0.8,1762.429191,0.911111,0.546533
0,8,4,0,0.9,2124.122474,0.906563,0.497897
0,8,4,0,1,1800.665678,0.905556,0.457959
0,10,4,0,0.1,178.716605,0.547396,0.933178
0,10,4,0,0.2,266.863225,0.626042,0.901664
0,10,4,0,0.3,400.380958,0.71125,0.878836
0,10,4,0,0.4,464.618315,0.830139,0.886027
0,10,4,0,0.5,859.177814,0.899479,0.846923
0,10,4,0,0.6,1386.292707,0.926458,0.755375
0,10,4,0,0.7,1808.262657,0.909271,0.643968
0,10,4,0,0.8,1289.923936,0.930278,0.586142
0,10,4,0,0.9,2473.733856,0.936562,0.538516
0,10,4,0,1,2828.767953,0.940972,0.491613
0,4,2,0,0.1,208.202647,0.476319,0.572178
0,4,2,0,0.2,224.008272,0.619861,0.558476
0,4,2,0,0.3,339.373784,0.651146,0.604414
0,4,2,0,0.4,454.336136,0.819167,0.639143
0,4,2,0,0.5,553.155326,0.789063,0.547472
0,4,2,0,0.6,808.222372,0.709583,0.448119
0,4,2,0,0.7,1113.299692,0.705833,0.38111
0,4,2,0,0.8,1345.570771,0.749167,0.37793
0,4,2,0,0.9,1570.581512,0.677188,0.311804
0,4,2,0,1,1773.611828,0.723958,0.305073
0,6,2,0,0.1,157.891728,0.555486,0.679129
0,6,2,0,0.2,516.439638,0.727222,0.707956
0,6,2,0,0.3,488.64161,0.710833,0.683511
0,6,2,0,0.4,531.356966,0.744583,0.690876
0,6,2,0,0.5,871.053275,0.826389,0.64273
0,6,2,0,0.6,1352.484214,0.779375,0.5458
0,6,2,0,0.7,1555.443767,0.72941,0.432759
0,6,2,0,0.8,1620.412515,0.757778,0.420722
0,6,2,0,0.9,1464.219174,0.799062,0.422564
0,6,2,0,1,2495.585069,0.863194,0.347239
0,8,2,0,0.1,290.712404,0.549826,0.803096
0,8,2,0,0.2,543.234636,0.675208,0.769347
0,8,2,0,0.3,625.048774,0.730521,0.761153
0,8,2,0,0.4,751.235356,0.775556,0.683967
0,8,2,0,0.5,1025.620714,0.842535,0.709455
0,8,2,0,0.6,1559.892031,0.868958,0.604509
0,8,2,0,0.7,2156.154352,0.875,0.505288
0,8,2,0,0.8,2071.026508,0.774444,0.463521
0,8,2,0,0.9,2532.130972,0.78375,0.408886
0,8,2,0,1,1987.508899,0.798264,0.364302
0,10,2,0,0.1,388.940989,0.498819,0.731229
0,10,2,0,0.2,492.393833,0.641042,0.781164
0,10,2,0,0.3,566.652085,0.604583,0.675502
0,10,2,0,0.4,599.358071,0.772083,0.733372
0,10,2,0,0.5,1211.646463,0.819271,0.634559
0,10,2,0,0.6,1896.395789,0.823125,0.615881
0,10,2,0,0.7,2418.757984,0.829792,0.550544
0,10,2,0,0.8,2690.80746,0.756389,0.430889
0,10,2,0,0.9,2859.921799,0.904687,0.470719
0,10,2,0,1,3444.731968,0.828472,0.409884
0,4,1,0,0.1,19.110126,0.136979,0.442501
0,4,1,0,0.2,34.452089,0.229861,0.443607
0,4,1,0,0.3,109.222768,0.323437,0.460454
0,4,1,0,0.4,133.728978,0.406389,0.458123
0,4,1,0,0.5,156.050398,0.510938,0.490711
0,4,1,0,0.6,301.014182,0.597708,0.500619
0,4,1,0,0.7,305.420849,0.614201,0.453512
0,4,1,0,0.8,454.557929,0.623889,0.406964
0,4,1,0,0.9,574.452631,0.631563,0.368315
0,4,1,0,1,719.461548,0.634028,0.332298
0,6,1,0,0.1,19.484081,0.149965,0.487785
0,6,1,0,0.2,56.253503,0.239375,0.460979
0,6,1,0,0.3,83.709148,0.356563,0.506713
0,6,1,0,0.4,195.577372,0.434167,0.492925
0,6,1,0,0.5,200.586964,0.501215,0.474015
0,6,1,0,0.6,470.830639,0.622708,0.532269
0,6,1,0,0.7,1069.873863,0.628785,0.468575
0,6,1,0,0.8,1263.494341,0.637778,0.422222
0,6,1,0,0.9,1468.299448,0.646562,0.3822
0,6,1,0,1,1679.285594,0.647222,0.348186
0,8,1,0,0.1,18.983249,0.153542,0.508909
0,8,1,0,0.2,70.357942,0.254306,0.503872
0,8,1,0,0.3,113.300356,0.370625,0.531937
0,8,1,0,0.4,262.79635,0.4425,0.507399
0,8,1,0,0.5,390.451218,0.546181,0.528152
0,8,1,0,0.6,600.515833,0.621875,0.535232
0,8,1,0,0.7,881.48296,0.637049,0.480331
0,8,1,0,0.8,884.867818,0.649722,0.435503
0,8,1,0,0.9,1295.182846,0.649375,0.389167
0,8,1,0,1,1537.658973,0.657639,0.359547
0,10,1,0,0.1,21.925482,0.161979,0.537593
0,10,1,0,0.2,64.7016,0.287083,0.575784
0,10,1,0,0.3,104.128664,0.354271,0.505995
0,10,1,0,0.4,314.63874,0.476667,0.552845
0,10,1,0,0.5,571.212667,0.546354,0.531937
0,10,1,0,0.6,682.280142,0.622292,0.536095
0,10,1,0,0.7,918.415437,0.646285,0.492379
0,10,1,0,0.8,1446.767732,0.650833,0.441288
0,10,1,0,0.9,1615.034325,0.658125,0.403188
0,10,1,0,1,1918.226261,0.669444,0.369813
0,4,3,0,0.1,125.582387,0.608993,0.787135
0,4,3,0,0.2,186.819899,0.680347,0.781164
0,4,3,0,0.3,283.319397,0.784479,0.765629
0,4,3,0,0.4,350.483928,0.852083,0.721782
0,4,3,0,0.5,512.272546,0.79375,0.609036
0,4,3,0,0.6,584.690104,0.86,0.600147
0,4,3,0,0.7,771.946701,0.872326,0.545556
0,4,3,0,0.8,636.779001,0.856944,0.487692
0,4,3,0,0.9,1058.35527,0.941562,0.450406
0,4,3,0,1,981.808492,0.869792,0.388274
0,6,3,0,0.1,157.505141,0.713958,0.904261
0,6,3,0,0.2,245.594209,0.740208,0.903137
0,6,3,0,0.3,323.700479,0.798229,0.888765
0,6,3,0,0.4,419.35944,0.85125,0.854246
0,6,3,0,0.5,641.749697,0.907639,0.791902
0,6,3,0,0.6,841.086602,0.937083,0.708413
0,6,3,0,0.7,926.740294,0.914618,0.612917
0,6,3,0,0.8,846.435531,0.953333,0.57831
0,6,3,0,0.9,1491.317415,0.933125,0.508989
0,6,3,0,1,1718.163415,0.939583,0.467505
0,8,3,0,0.1,194.963345,0.566181,0.965042
0,8,3,0,0.2,267.928247,0.704028,0.97462
0,8,3,0,0.3,387.492337,0.808437,0.965674
0,8,3,0,0.4,341.501226,0.865694,0.923701
0,8,3,0,0.5,855.57456,0.918403,0.845989
0,8,3,0,0.6,1049.175562,0.941667,0.764771
0,8,3,0,0.7,1416.449231,0.938194,0.672547
0,8,3,0,0.8,940.794155,0.966667,0.605648
0,8,3,0,0.9,1923.328176,0.964062,0.547097
0,8,3,0,1,2126.55381,0.963194,0.499688
0,10,3,0,0.1,212.784185,0.556563,0.977722
0,10,3,0,0.2,337.634981,0.672708,0.986516
0,10,3,0,0.3,451.19667,0.785104,0.980612
0,10,3,0,0.4,351.184393,0.881111,0.965674
0,10,3,0,0.5,307.792664,0.941146,0.906607
0,10,3,0,0.6,1214.057768,0.961042,0.79234
0,10,3,0,0.7,1653.736882,0.981944,0.707199
0,10,3,0,0.8,1421.304936,0.9625,0.61823
0,10,3,0,0.9,2371.043062,0.979375,0.564482
0,10,3,0,1,2592.966463,0.980903,0.515257